Kwanzaa	2718.87
A_Christmas_Story	1505.63
It's_a_Wonderful_Life	1192.0
Santa_Claus	1072.58
Elvis_Presley	1042.03
Clint_Eastwood	1029.96
Ireland	954.87
Western_Sahara	926.81
William_Randolph_Hearst	895.16
Rachel_Maddow	860.13
Black_Panther_(film)	852.45
William_Shakespeare	775.39
Edward_Heath	767.16
Lil_Wayne	719.94
Marilyn_Manson	624.65
Richard_Ramirez	601.77
Dirty_Dancing	592.03
Sudan_(rhinoceros)	570.35
How_I_Met_Your_Mother	558.96
Yukio_Mishima	555.9
Pierre_Cardin	546.77
Valéry_Giscard_d'Estaing	499.03
Ben_Shapiro	495.08
Winston_Churchill	380.58
Anthony_Joshua_vs._Kubrat_Pulev	361.84
Calvin_Coolidge	344.44
Anthony_Yarde	332.77
Chitty_Chitty_Bang_Bang	322.29
The_West_Wing	289.76
Tom_Fletcher	286.67
Ronald_Reagan	267.74
WWE_Tribute_to_the_Troops	267.35
Quincy_(actor)	255.61
NetScout_Systems	250.55
George_W._Bush	234.49
Chunky_Pandey	220.25
Muhammad	215.67
Luke_Letlow	214.31
Dmitry_Mazepin	213.39
Marcus_Aurelius	210.24
Ginger_Grant	200.49
Albert_Einstein	194.25
2020_Bahrain_Grand_Prix	190.89
Boris_Johnson	183.09
Christopher_Geidt,_Baron_Geidt	178.57
Warren_Buffett	173.04
Callum_Smith	166.01
Adrienne_Bailon	140.34
NXT_TakeOver:_WarGames_(2020)	124.28
Chris_Harrison	123.64
MDH_(spice_company)	123.45
Papa_Bouba_Diop	116.63
2016_United_States_presidential_election_in_Texas	104.76
Blake_Lee	102.92
Niharika_Konidela	102.86
Alexander_Gilkes	102.1
Neera_Tanden	101.24
Five-hundred-meter_Aperture_Spherical_Telescope	99.34
Giovanna_Fletcher	96.61
Dick_Strawbridge	93.91
2016_United_States_presidential_election_in_New_York	92.18
Gauahar_Khan	90.98
I'm_a_Celebrity...Get_Me_Out_of_Here!_(British_TV_series)	82.93
FIA_Formula_2_Championship	72.62
Plaza_Hotel	71.1
Kristy_McNichol	69.81
Mnet_Asian_Music_Awards	69.7
UFC_on_ESPN:_Hermansson_vs._Vettori	69.48
Arecibo_Observatory	66.66
Lesbian_sexual_practices	65.68
Aly_Goni	65.32
Seinfeld	65.29
Bananarama	64.14
Joshua_Kushner	63.18
List_of_MPs_elected_in_the_2020_Ghanaian_general_election	60.13
The_Dig_(2021_film)	58.35
Elin_Nordegren	57.93
Dawn_Wells	55.02
1904_United_States_presidential_election	54.75
Chiranjeevi	54.61
École_Polytechnique_massacre	54.08
Ben_Savage	52.52
Jared_Polis	51.81
2016_United_States_presidential_election_in_California	51.27
Oliver_Hardy	49.67
Rory_Culkin	48.83
József_Szájer	48.71
UFC_on_ESPN:_Smith_vs._Clark	48.6
Selena_(album)	48.18
List_of_offenders_executed_in_the_United_States_in_2020	47.44
Brigitte_Macron	47.15
Kashmira_Shah	47.15
Noah_Jupe	46.95
Selena_y_Los_Dinos	46.92
Gabby_Barrett	46.8
Joanna_Page	46.01
Caoimhín_Kelleher	45.95
AFC_Champions_League	43.4
Disappearance_of_Natalee_Holloway	43.12
Rubina_Dilaik	42.84
Mia_Kirshner	42.14
Sean_Lennon	41.37
Ma_Rainey's_Black_Bottom	41.34
Lists_of_towns_and_cities_in_England_by_population	40.61
Heidi_Klum	40.38
2015_Kerala_local_body_elections	40.36
Deiveson_Figueiredo	39.18
Lists_of_deaths_by_year	38.58
Michael_Ball	38.4
Claudine_Longet	38.06
The_Cranberries	38.0
Peggy_Lipton	37.98
The_Hardy_Boys	37.73
1920_United_States_presidential_election	37.48
Philip_Moore,_Baron_Moore_of_Wolvercote	37.46
2022_FIFA_World_Cup_qualification	37.4
Shirley_Ballas	37.1
Tony_Ferguson	36.91
Wham!	36.65
UFC_on_ESPN:_Santos_vs._Teixeira	36.43
Charles_I_of_England	36.25
Leslie_Odom_Jr.	36.24
John_Stamos	35.99
2012_United_States_presidential_election	35.18
Ms._Marvel_(TV_series)	35.13
Roger_Ailes	34.94
Hardik_Pandya	34.92
Nikita_Mazepin	34.77
Gretchen_Carlson	34.73
Edward_III_of_England	34.7
Gorka_Márquez	34.58
Neelam_Kothari	34.05
Anushka_Shetty	33.8
1872_United_States_presidential_election	33.62
Molly's_Game	33.57
The_Mauritanian	33.44
Jason_Sudeikis	33.27
Kit_Culkin	32.94
The_Jackson_5	32.81
Charlie_Day	32.77
Jamiroquai	32.64
Malaika_Arora	32.58
John_Major	32.54
Roxette	32.51
Dionne_Warwick	32.42
Bull_(2016_TV_series)	32.31
Soul_(disambiguation)	32.2
Ed_Asner	32.04
Miracle_on_34th_Street_(1994_film)	31.85
The_Game_Awards	31.64
LaVar_Ball	31.63
SEAL_Team_(TV_series)	31.53
Zoo_hypothesis	31.44
UFC_256	31.34
Nikki_Tamboli	31.23
Queen_Elizabeth	31.16
CONCACAF_Champions_League	30.85
Sid_James	30.79
List_of_Top_Gear_episodes	30.78
1932_United_States_presidential_election	30.44
XXX_(2002_film)	30.36
Alec_Douglas-Home	30.31
Formula_One	30.3
Superstore_(TV_series)	30.23
Vajiralongkorn	30.22
Rumer_Godden	30.01
Brian_Austin_Green	29.94
A_Bad_Moms_Christmas	29.6
The_Killers	29.29
James_Callaghan	28.72
Bobbi_Kristina_Brown	28.72
Tenet	28.68
Noah_Reid	28.61
UFC_255	28.6
Handjob	28.19
NCIS:_New_Orleans	28.11
Sophie_Winkleman	28.04
John_Travolta	27.91
Wyatt_Russell	27.71
Happiest_Season	27.69
Laverne_&_Shirley	27.68
The_Masked_Singer_(American_season_1)	27.45
Ray_Donovan	27.32
Paul_Wesley	27.27
Patrick_M._Byrne	27.26
UEFA_Champions_League	27.22
Maria_Bello	27.16
Rob_Mariano	27.08
Tucker_Carlson	26.88
Yolanda_Saldívar	26.67
Beastie_Boys	26.59
Jingle_All_the_Way	26.56
Alex_Horne	26.53
2_Days_&_1_Night	26.45
Oti_Mabuse	26.45
Dylan_Sprouse	26.36
Elizabeth_Gillies	26.12
Hillbilly_Elegy	25.99
1908_United_States_presidential_election	25.74
UFC_Fight_Night:_Holloway_vs._Kattar	25.71
Live_from_Clear_Channel_Stripped_2008	25.43
Empirical_evidence	25.24
Nick_Jonas	25.16
2021_in_film	24.99
Grover_Cleveland	24.86
Robert_Kardashian	24.65
Meet_Me_in_St._Louis	24.59
Lady_Dorothy_Macmillan	24.51
John_Denver	24.34
Michael_Adeane,_Baron_Adeane	24.15
1988_United_States_presidential_election	23.95
2020_United_States_presidential_election_in_New_York	23.87
Uncle_Frank_(film)	23.59
Uncle_Buck	23.55
2019_Formula_One_World_Championship	23.54
Christine_Baranski	23.47
Kevin_Jonas	23.45
James_Van_Der_Beek	23.43
Rowdy_Rebel	23.06
The_Waitresses	22.82
Robin_Janvrin,_Baron_Janvrin	22.62
Linda_Lusardi	22.59
Chapter_14:_The_Tragedy	22.54
Stacey_Dooley	22.42
Diego_Luna	22.25
Emily_Atack	22.21
Joseph_L._Mankiewicz	22.08
Theresa_May	22.05
Prabhas	22.0
Emma_Portner	21.82
Edward_Snowden	21.52
Jango_Fett	21.42
Heidi_Gardner	21.33
Melissa_Joan_Hart	21.28
Alyssa_Farah	21.28
Derek_Watt	21.2
Hilary_Duff	20.9
Northern_California	20.88
Alex_Scott_(footballer,_born_1984)	20.85
Rosamygale	20.84
2019_Formula_2_Championship	20.83
S.W.A.T._(2017_TV_series)	20.78
Darren_McGavin	20.62
2015_United_Kingdom_general_election	20.48
Goo_Goo_Dolls	20.48
Uncertainty	20.46
Mr._Miyagi	20.4
Great_Pretender_(TV_series)	20.38
Fran_Drescher	20.38
Audrie_&_Daisy	20.33
Will_Arnett	20.24
Claire_Danes	20.23
Mr._Iglesias	20.07
David_Miscavige	20.05
Armie_Hammer	20.02
The_Spanish_Princess	19.98
Garth_Brooks	19.97
Prince_Edward,_Duke_of_Kent_and_Strathearn	19.94
Chester_A._Arthur	19.93
UFC_Fight_Night:_Felder_vs._dos_Anjos	19.88
William_II_of_England	19.85
Anna_Kendrick	19.76
One_Direction	19.69
Brenda_Song	19.69
Annette_O'Toole	19.68
Blondie_(band)	19.68
Shane_Richie	19.67
Boyz_II_Men	19.66
Beau_Biden	19.65
Cheoljong_of_Joseon	19.64
Tamannaah	19.61
Annie_Murphy	19.61
Anna_Paquin	19.54
Salman_of_Saudi_Arabia	19.28
1928_United_States_presidential_election	19.24
2020–21_UEFA_Europa_League	19.18
Mitch_McConnell	19.14
Felipe_VI	19.1
Salma_Hayek	19.07
Gabriel_Macht	19.03
NCIS:_Los_Angeles	19.02
Rachel_McAdams	18.99
Louis_XV	18.95
Victoria_Wood	18.87
The_Christmas_Chronicles_2	18.81
Jason_Momoa	18.79
2020_Romanian_legislative_election	18.79
Talia_Balsam	18.79
Matthew_Perry	18.79
Paul_Rudd	18.79
Phyllis_George	18.77
The_Good_Doctor_(TV_series)	18.75
Noel_Fielding	18.73
Oakland,_California	18.69
Grand_Duchess_Anastasia_Nikolaevna_of_Russia	18.65
Alicia_Keys	18.64
A_California_Christmas	18.45
Nick_Offerman	18.42
Kevin_Holland_(fighter)	18.42
Selena	18.42
Tom_Parker_Bowles	18.42
1924_United_States_presidential_election	18.34
World's_Strongest_Man	18.31
Lance_Stroll	18.28
Ciara	18.19
1892_United_States_presidential_election	18.09
Alicia_Vikander	18.09
Copa_Libertadores	18.06
Bonnie_Wright	17.98
Aloe_Blacc	17.88
Cobie_Smulders	17.85
Archie_Mountbatten-Windsor	17.76
Super_Bowl_LIV	17.75
2020_Formula_One_World_Championship	17.67
Elliot_Page	17.65
Bonnie_Bedelia	17.6
Penn_Badgley	17.54
James_Buchanan	17.5
List_of_Star_Trek:_Discovery_episodes	17.48
Helen_McCrory	17.45
Jonny_Lee_Miller	17.4
John_Forbes_Nash_Jr.	17.39
Ann_Reinking	17.24
Oklahoma_City_bombing	17.21
Frosty_the_Snowman	17.17
Wonder_(film)	17.15
Jason_Segel	17.15
1956_United_States_presidential_election	17.14
2016_NFL_Draft	16.97
Claudius	16.97
Ed_Harris	16.95
Hell_in_a_Cell_(2020)	16.89
Emily_Hampshire	16.81
Neil_Patrick_Harris	16.78
Generation_X	16.76
Margot_Robbie	16.73
Princess_Eugenie	16.71
Emmy_Rossum	16.64
Jason_Statham	16.63
Milli_Vanilli	16.63
1976_United_States_presidential_election	16.57
Tate–LaBianca_murders	16.56
Edward_V_of_England	16.52
Atlanta_murders_of_1979–1981	16.52
Debbie_Allen	16.52
Anthony_Eden	16.49
Gerard_Butler	16.36
WWE_Intercontinental_Championship	16.26
James_Madison	16.23
Edward_II_of_England	16.22
2016_United_States_presidential_election_in_Pennsylvania	16.18
God_of_War_(franchise)	16.13
Travis_Kelce	16.12
Chyler_Leigh	16.1
Jonathan_Groff	16.09
Yungblud	16.06
Duke_of_Windsor	16.04
Nagarjuna_(actor)	16.03
1984_United_States_presidential_election	16.02
1860_United_States_presidential_election	16.0
Mario_Balotelli	15.97
Walt_Disney_Pictures	15.94
Sophia_Loren	15.89
Branches_of_science	15.88
Gong_Li	15.84
List_of_footballers_with_500_or_more_goals	15.81
2016_Formula_One_World_Championship	15.74
Jamie_Chung	15.73
The_Golden_Girls	15.66
The_B-52's	15.63
Family_Guy	15.63
Paul_Mitchell_(politician)	15.58
Freddie_Prinze_Jr.	15.57
British_royal_family	15.39
The_Butler	15.37
Ajith_Kumar	15.36
Marlo_Thomas	15.31
Thomas_Rhett	15.26
Antonia_Lofaso	15.11
Tess_Daly	15.02
Jamie_Dornan	14.94
Henry_IV_of_England	14.89
Amal_Clooney	14.88
The_Darkness_(band)	14.87
1884_United_States_presidential_election	14.85
Robert_Pattinson	14.82
2020_United_States_presidential_election_in_Texas	14.8
2020_AFC_Champions_League	14.8
Miracle_on_34th_Street	14.77
Joe_Alwyn	14.74
Tiger_Woods	14.69
1940_United_States_presidential_election	14.66
George_II_of_Great_Britain	14.65
Searching_for_Bobby_Fischer	14.61
Alfred_the_Great	14.54
The_Undertaker	14.47
Harold_Godwinson	14.45
Jon_Bernthal	14.42
Aladdin_(2019_film)	14.41
The_Ronettes	14.39
Norman_Reedus	14.38
Margaret_Qualley	14.26
Elle_Fanning	14.16
Megan_Thee_Stallion	14.1
Eazy-E	14.06
Paramore	14.03
The_Voice_(American_TV_series)	14.01
Hugh_Jackman	13.98
The_Mamas_and_the_Papas	13.97
Dhanush	13.96
The_Princess_Switch	13.94
Matt_LeBlanc	13.91
Surgeon_General_of_the_United_States	13.87
Hannibal_(TV_series)	13.84
2001_United_Kingdom_general_election	13.83
Animaniacs	13.83
Guy_Pearce	13.82
Leonardo_DiCaprio_filmography	13.76
2016_United_States_presidential_election_in_Florida	13.75
Florence_Pugh	13.75
Beyond_Skyline	13.74
Haley_Bennett	13.74
V._J._Chitra	13.69
Dakota_Fanning	13.65
Lizzy_Caplan	13.64
Catherine_O'Hara	13.63
13_Reasons_Why	13.59
Corpse_Husband	13.48
Jay-Z	13.44
Lady_Sarah_Chatto	13.4
Adam_Brody	13.4
Rylan_Clark-Neal	13.37
Susan_Sarandon	13.36
Gautam_Adani	13.36
Mazzy_Star	13.29
Anthony_Fauci	13.26
Zachary_Taylor	13.24
National_Lampoon's_Christmas_Vacation	13.21
Sara_Pascoe	13.2
Michael_Bublé	13.14
James_II_of_England	13.13
Catherine_Zeta-Jones	13.13
1916_United_States_presidential_election	13.1
Minnie_Driver	13.08
Lee_Harvey_Oswald	13.03
Dilip_Kumar	12.9
Mank	12.88
Murder_of_John_Lennon	12.8
Peter_the_Great	12.79
Tim_McGraw	12.72
Heisman_Trophy	12.7
Tina_Louise	12.67
Kurt_Russell	12.66
Rudolph_the_Red-Nosed_Reindeer	12.63
Tobey_Maguire	12.63
LiAngelo_Ball	12.61
The_Grinch_(film)	12.59
Formula_E	12.57
Travis_Scott	12.53
Paul_Walker	12.52
1997_United_Kingdom_general_election	12.47
Brian_Dennehy	12.46
Will_Ferrell	12.43
Peter_Nygard	12.42
Jared_Leto	12.41
Flavia_Cacace	12.4
The_Stig	12.34
Lark_Voorhies	12.32
John_Krasinski	12.3
Tia_Mowry	12.29
Sebastian_Vettel	12.26
Schindler's_List	12.26
Himesh_Reshammiya	12.23
Wyatt_Earp	12.22
Triple_H	12.18
Lists_of_countries_by_GDP	12.12
Christopher_Plummer	12.1
Succession_to_the_British_throne	12.09
The_Hunt_(2020_film)	12.09
Camilla_Luddington	12.08
Once_Upon_a_Time_(TV_series)	12.07
Natalie_Dormer	12.06
Agatha_Christie's_Poirot	12.06
Hrithik_Roshan	12.04
Ashton_Kutcher	12.04
Simplifly_Deccan	12.04
DoorDash	12.03
Daniel_Stern_(actor)	12.03
Danny_García	12.02
Eric_Dane	12.01
Michaela_Coel	11.99
Cara_Dune	11.98
1972_United_States_presidential_election	11.97
1824_United_States_presidential_election	11.96
Shania_Twain	11.93
Wallis_Simpson	11.93
John_Adams	11.9
1868_United_States_presidential_election	11.9
Stephanie_McMahon	11.87
Digimon_Adventure_(2020_TV_series)	11.86
Hayden_Christensen	11.85
Eugene_(actress)	11.85
Heaven's_Gate_(religious_group)	11.84
Aaron_Taylor-Johnson	11.84
The_Trial_of_the_Chicago_7	11.8
Laurence_Fox	11.78
Aly_&_AJ	11.75
Kyra_Sedgwick	11.69
Fear_the_Walking_Dead	11.65
Lauren_Lapkus	11.63
Julia_Garner	11.5
Selena_albums_discography	11.48
Saint_Nicholas	11.47
1900_United_States_presidential_election	11.42
Borat	11.35
National_Football_League	11.34
Edward_I_of_England	11.34
Frank_Zappa	11.3
The_Nutcracker	11.29
LMFAO	11.29
Claire_Foy	11.23
Edmund_I	11.21
List_of_most-followed_TikTok_accounts	11.2
George_Clooney_filmography	11.2
Quigley_Down_Under	11.19
UFC_258	11.16
Debby_Ryan	11.15
Trans-Siberian_Orchestra	11.13
Peter,_Paul_and_Mary	11.13
Brad_Pitt	11.11
Ice-T	11.08
1864_United_States_presidential_election	11.04
Freddie_Highmore	11.04
Steven_Mnuchin	11.03
Camila_Cabello	11.0
Vijay_(actor)	10.97
A24_(company)	10.96
Chapter_11:_The_Heiress	10.91
MacGyver_(2016_TV_series)	10.9
Doom_Patrol	10.9
Goodfellas	10.89
Joe_Exotic	10.89
Emily_in_Paris	10.82
Kunal_Nayyar	10.81
Vogue_Williams	10.8
Gavin_Rossdale	10.76
Konstantin_Chernenko	10.72
Andrew_Garfield	10.72
James_VI_and_I	10.71
Dixie_D'Amelio	10.7
Maria_von_Trapp	10.68
Kristen_Stewart	10.67
Æthelwulf,_King_of_Wessex	10.65
Elisabeth_Moss	10.64
Giovanni_Pernice	10.58
Charlie_Sheen	10.54
Russell_Crowe	10.54
Chris_Evans_(actor)	10.53
2017_Formula_One_World_Championship	10.51
Tom_Holland_(actor)	10.44
Maya_Harris	10.43
New_Girl	10.43
Greg_Davies	10.39
Kate_Beckinsale	10.37
List_of_UFC_events	10.31
2013_Formula_One_World_Championship	10.28
George_V	10.26
Ade_Edmondson	10.26
Hanged,_drawn_and_quartered	10.25
Die_Hard_(film_series)	10.24
Willem_Dafoe	10.23
Ramones	10.21
Harold_Macmillan	10.21
Fabulous_Lives_of_Bollywood_Wives	10.2
Alicia_Silverstone	10.17
UFC_Fight_Night:_Thompson_vs._Neal	10.14
Nicholas_I_of_Russia	10.12
Emma_Stone	10.1
Louis_XIII	10.1
John,_King_of_England	10.09
John_Wick:_Chapter_2	10.09
Walt_Disney_Animation_Studios	10.03
UFC_Fight_Night_188	10.02
William_Baldwin	10.01
MindGeek	9.99
The_Bachelorette	9.97
Stephen_Hawking	9.96
2004_United_States_presidential_election	9.94
Stephen_King	9.94
Julia_Roberts	9.92
MF_Doom	9.91
Kirk_Cameron	9.89
Don_Knotts	9.86
Daryl_Sabara	9.86
Folklore_(Taylor_Swift_album)	9.86
Mia_Farrow	9.82
Don't_Look_Up_(upcoming_film)	9.81
Frances_Shand_Kydd	9.8
Dick_Van_Dyke	9.8
Helen_Hunt	9.79
Edward_VII	9.77
Ann-Margret	9.76
Elizabeth_Banks	9.76
Charlie_McDowell	9.74
Promising_Young_Woman	9.72
John_Quincy_Adams	9.71
James_Gandolfini	9.7
Beyoncé	9.69
Sarah_Jessica_Parker	9.63
Rob_Schneider	9.63
Albus_Dumbledore	9.62
Hope_(2013_film)	9.6
Drew_Barrymore	9.52
Winx_Club	9.49
2014_Formula_One_World_Championship	9.48
Prince_Philip,_Duke_of_Edinburgh	9.47
Troye_Sivan	9.47
Elizabeth_Berkley	9.47
Knowing_Bros	9.46
Darth_Vader	9.46
Diana_Rigg	9.46
1992_Indian_stock_market_scam	9.45
Loki_(TV_series)	9.38
Amy_Adams	9.37
Arjun_Kapoor	9.36
Line_of_Duty	9.34
Georg_von_Trapp	9.34
Rob_McElhenney	9.34
Oasis_(band)	9.33
The_Godfather_Part_II	9.33
Monaco	9.33
Ludwig_Göransson	9.32
Brandon_Sanderson	9.31
2020–21_UEFA_Champions_League	9.3
Tim_Curry	9.26
Robert_F._Kennedy_Jr.	9.24
Carry_On_(franchise)	9.23
Michael_Biehn	9.21
Murder_of_Bobbie_Jo_Stinnett	9.19
Tamera_Mowry	9.18
Gilmore_Girls	9.18
How_the_Grinch_Stole_Christmas_(2000_film)	9.18
Lostprophets	9.14
Harvey_Weinstein	9.14
The_Santa_Clause_2	9.13
Grandmaster_(chess)	9.13
Key_&_Peele	9.13
Bigg_Boss_(Tamil_TV_series)	9.11
Home_Alone_(franchise)	9.11
Rachael_Leigh_Cook	9.1
2018_NBA_draft	9.1
Tim_Burton	9.04
Jonas_Brothers	9.04
2024_Summer_Olympics	9.02
Carl_XVI_Gustaf	9.01
Killing_Eve	9.0
Millard_Fillmore	8.96
Home_Alone_3	8.94
Ocean's_8	8.92
Howard_Stern	8.91
Deontay_Wilder	8.91
The_Last_of_Us	8.86
The_Game_Awards_2019	8.85
Shang-Chi_and_the_Legend_of_the_Ten_Rings	8.84
ICC_World_Test_Championship	8.82
Nobody_(film)	8.82
James_Earl_Jones	8.81
2020_Kerala_local_body_elections	8.78
Frances_McDormand	8.76
Theranos	8.76
2020_FIFA_Club_World_Cup	8.73
Shinee	8.73
Anderson_Cooper	8.72
Kevin_Stefanski	8.71
Antim:_The_Final_Truth	8.71
Govinda_(actor)	8.67
Ahmadiyya_Caliphate	8.67
Mariah_Carey	8.65
Jodie_Foster	8.63
JoJo_Fletcher	8.63
Gianni_Versace	8.62
Macaulay_Culkin	8.61
Doctor_Strange_in_the_Multiverse_of_Madness	8.59
Justin_Timberlake	8.58
Burj_Khalifa	8.56
Amy_Sedaris	8.54
Skylines_(film)	8.53
F._Scott_Fitzgerald	8.53
Harry_Shum_Jr.	8.51
Edward_the_Elder	8.5
Tim_Matheson	8.49
Chris_Pratt	8.49
Morgan_Freeman	8.49
Freddie_Mercury	8.46
Keanu_Reeves	8.44
1960_United_States_presidential_election	8.44
Allu–Konidela_family	8.42
Dimple_Kapadia	8.41
Phillip_Hughes	8.41
Kristoffer_Polaha	8.39
Manson_Family	8.39
NCIS_(TV_series)	8.38
Rose_Island_(film)	8.37
M._Night_Shyamalan	8.37
Skyline_(2010_film)	8.36
Rosemary_Clooney	8.35
Enhypen	8.35
American_Dad!	8.34
Lindsey_Vonn	8.33
Grease_(film)	8.33
1912_United_States_presidential_election	8.31
Melora_Hardin	8.28
Noah_Galvin	8.23
Epistemology	8.21
John_Bowes-Lyon	8.21
Bruce_Springsteen	8.19
WWE_Championship	8.17
Brock_Lesnar	8.16
Scientific_method	8.12
The_Grand_Tour	8.12
Harald_V_of_Norway	8.1
Samurai_Cop	8.09
Liam_Neeson	8.08
Bee_Gees	8.0
Akihito	7.98
2018_NFL_Draft	7.95
Ian_McKellen	7.94
Shirley_Temple	7.9
Ana_de_Armas	7.89
Chicago_Fire_(TV_series)	7.86
Andy_Ruiz_Jr.	7.86
Anthony_Joshua	7.85
Will_Smith	7.83
Sara_Ali_Khan	7.83
HBO_Max	7.82
Rebecca_Luker	7.8
Avengers:_Endgame	7.78
Ken_Miles	7.78
Jennifer_Grey	7.77
Columbine_High_School_massacre	7.75
Leslie_West	7.75
Gina_Carano	7.74
Dash_&_Lily	7.72
AC/DC	7.72
Dallas_Buyers_Club	7.71
Home_Alone_(upcoming_film)	7.69
Kate_McKinnon	7.68
Kat_Von_D	7.66
Naya_Rivera	7.65
Salman_Khan_filmography	7.65
List_of_The_Masked_Singer_(American_TV_series)_episodes	7.65
Busy_Philipps	7.64
The_Serpent_(TV_series)	7.62
Selena:_The_Series	7.62
King_Von	7.61
List_of_Marvel_Cinematic_Universe_television_series	7.6
Edward_the_Confessor	7.59
1964_United_States_presidential_election	7.59
Kung_Fu_Panda	7.59
Nia_Long	7.58
Science	7.57
Paul_Hogan	7.56
Adam_Sandler	7.56
Clarice_(TV_series)	7.55
Chester_Bennington	7.52
Sean_Hannity	7.52
Hell's_Kitchen_(American_TV_series)	7.5
Chapter_10:_The_Passenger	7.49
Indian_Super_League	7.47
Sophie,_Countess_of_Wessex	7.47
Billy_Crudup	7.47
Saved_by_the_Bell_(2020_TV_series)	7.47
Hirohito	7.46
Ursula_von_der_Leyen	7.45
Charles_Manson	7.44
Marla_Maples	7.43
Ammonite_(film)	7.43
World_Chess_Championship	7.42
Carole_Baskin	7.41
Arrow_(TV_series)	7.4
Jared_Padalecki	7.39
1888_United_States_presidential_election	7.37
Adam_Levine	7.37
Tarrare	7.36
White_Christmas_(film)	7.35
T._J._Watt	7.33
Prison_Break	7.31
The_Impossible_(2012_film)	7.28
Whoopi_Goldberg	7.26
John_Ritter	7.26
Star_Trek:_Picard	7.24
Jamie_Lee_Curtis	7.22
Dark_Waters_(2019_film)	7.21
Priyanka_Chopra	7.2
Edmund_Ironside	7.18
Rogue_One	7.17
The_Mandalorian_(season_1)	7.16
Jujutsu_Kaisen	7.15
Jimmy_Fallon	7.13
Star_Wars	7.13
United_States_Secretary_of_Defense	7.13
UFC_Fight_Night_187	7.13
Matthew_Broderick	7.12
Bobby_Brown	7.12
Benjamin_Bratt	7.11
Maggie_Baird	7.11
Steven_Seagal	7.11
David_Beckham	7.11
Patrick_Mahomes	7.1
Archana_Puran_Singh	7.07
2022_FIFA_World_Cup	7.05
2020_United_States_presidential_election_in_Ohio	7.01
Werner_Herzog	6.99
2015_NBA_draft	6.98
Chilling_Adventures_of_Sabrina_(TV_series)	6.97
The_Miz	6.97
Uma_Thurman	6.96
Bae_Suzy	6.95
Peter_III_of_Russia	6.93
Jason_Derulo	6.93
Sienna_Miller	6.91
Chrishell_Stause	6.91
Durgamati	6.91
Dennis_Quaid	6.9
2020_in_film	6.9
The_Carpenters	6.89
Amy_Winehouse	6.87
Jurassic_World	6.86
Mario_Lopez	6.86
Richard_Harris	6.84
Kid_Cudi	6.84
Daft_Punk	6.83
Shocking_Blue	6.83
Mary_I_of_England	6.83
The_Pretty_Reckless	6.83
Tiberius	6.8
Edward_IV_of_England	6.79
Rick_and_Morty	6.78
Tim_Allen	6.78
Below_Deck	6.76
Super_Dragon_Ball_Heroes_(anime)	6.75
Gavin_Newsom	6.71
Die_Antwoord	6.69
Midsomer_Murders	6.69
Agents_of_S.H.I.E.L.D.	6.68
Amanda_Knox	6.68
Katherine_Parkinson	6.66
Nagorno-Karabakh_conflict	6.66
Uğur_Şahin	6.65
Nnamdi_Asomugha	6.63
Henry_I_of_England	6.61
The_Masked_Singer_(British_TV_series)	6.6
Marvel_Cinematic_Universe	6.6
Matthew_Macfadyen	6.58
2018_Formula_One_World_Championship	6.58
Phil_Collins	6.56
Kevin_Spacey	6.55
Mary_II_of_England	6.51
Al_Capone	6.48
Fred_West	6.48
Escape_to_the_Chateau	6.46
Linda_Cardellini	6.45
Lyndon_B._Johnson	6.44
Rita_Hayworth	6.44
Zayn_Malik	6.43
Commonwealth_of_Nations	6.42
Alexander_III_of_Russia	6.42
Sterling_K._Brown	6.4
Andrew_Cuomo	6.39
Gone_Girl_(film)	6.39
Lily_Rabe	6.38
UFC_257	6.38
Language	6.38
Jennifer_Love_Hewitt	6.36
The_Wizard_of_Oz_(1939_film)	6.35
The_Matrix	6.35
Dustin_Milligan	6.33
Rooney_Mara	6.33
Prince_George_of_Cambridge	6.31
Shadow_and_Bone	6.31
Grant_Imahara	6.31
Anthony_Hopkins	6.3
Dafne_Keen	6.3
Eswatini	6.3
Liu_Yifei	6.28
Nicolas_Cage	6.27
Yuri_Andropov	6.26
Mike_Tyson	6.26
Justin_Trudeau	6.25
Michael_Sheen	6.25
American_Horror_Story	6.24
Michelle_Gomez	6.22
Wayans_family	6.22
Ralf_Little	6.22
Jayne_Mansfield	6.21
Donald_Trump_Jr.	6.21
Noel_Fisher	6.2
8_Out_of_10_Cats_Does_Countdown	6.19
92nd_Academy_Awards	6.19
Assassin's_Creed_(video_game)	6.16
Olivia_de_Havilland	6.16
Coronation_Street	6.14
Mamamoo	6.14
List_of_WWE_pay-per-view_and_WWE_Network_events	6.14
Depeche_Mode	6.14
Dalai_Lama	6.12
Spider-Man:_Into_the_Spider-Verse	6.11
R._Kelly	6.11
Shia_LaBeouf	6.1
U2	6.09
Die_Hard	6.09
Tony_Khan	6.09
Kate_Mara	6.08
Gross_domestic_product	6.05
James_Roday_Rodriguez	6.05
Lee_Ji-ah	6.05
Luke_Hemsworth	6.04
Run_On_(TV_series)	6.03
Black_Lives_Matter	6.02
Richard_Jewell_(film)	6.01
Spider-Man:_Homecoming	5.99
Franklin_Pierce	5.98
Seth_Rogen	5.97
Edward_VI_of_England	5.97
Lloyd_Austin	5.97
Jake_Paul	5.96
Glenn_Howerton	5.95
Grigori_Rasputin	5.95
PlayStation_4	5.94
Bobby_Fischer	5.92
2016_NBA_draft	5.91
The_Holiday	5.89
Sussanne_Khan	5.88
Johnny_Depp	5.87
Marie_Curie	5.87
Blake_Lively	5.86
Gabrielle_Union	5.84
Mila_Kunis	5.84
Jay_Leno	5.84
Rachel_Weisz	5.84
Steve_McQueen_(director)	5.83
Fennec_Shand	5.83
Harrison_Ford	5.82
Karl_Urban	5.81
Mindy_Kaling	5.81
Ravi_Patel_(actor)	5.81
Zosia_Mamet	5.81
Carmen_Electra	5.8
Bryan_Cranston_filmography	5.79
Krampus	5.77
2014_FIFA_World_Cup	5.77
Ronan_Farrow	5.76
100_Days_My_Prince	5.74
1980_United_States_presidential_election	5.73
Jared_Kushner	5.71
Top_Gear_(2002_TV_series)	5.71
Grammy_Award	5.71
Jack_White	5.7
Michael_J._Fox	5.7
Prime_Minister_of_the_United_Kingdom	5.7
Miranda_Kerr	5.68
Matthew_Rhys	5.68
Helen_Fielding	5.67
Machine_Gun_Kelly_(musician)	5.65
Amy_Poehler	5.64
EastEnders	5.63
Janet_Yellen	5.63
Arthur,_Prince_of_Wales	5.6
Tom_Holland_filmography	5.6
Julia_Louis-Dreyfus	5.58
Lionel_Barrymore	5.58
Led_Zeppelin	5.58
Nicola_Peltz	5.57
Richard_III_of_England	5.56
Andrew_Ridgeley	5.56
2010_United_Kingdom_general_election	5.55
Jade_Thirlwall	5.54
John_Mulaney	5.54
Grey's_Anatomy	5.53
Fleetwood_Mac	5.52
Joe_Pesci	5.5
Nikki_Bella	5.48
2008_United_States_presidential_election	5.47
Michael_McKean	5.46
James_Monroe	5.46
2020_United_States_elections	5.45
2019–20_UEFA_Champions_League	5.44
2019–20_Premier_League	5.43
Drew_Scott	5.43
Gwen_Stefani	5.42
Mandy_Moore	5.42
Only_Fools_and_Horses	5.41
2017_NBA_draft	5.4
Eliza_Dushku	5.4
Premier_League	5.4
Vikram_(actor)	5.39
The_Call_(2020_South_Korean_film)	5.38
A_Song_of_Ice_and_Fire	5.36
Ralph_Fiennes	5.35
Godmothered	5.35
Islamic_State_of_Iraq_and_the_Levant	5.35
2000_United_States_presidential_election	5.35
Pierce_Brosnan	5.33
Al_Pacino	5.32
Blindspot_(TV_series)	5.32
Boruto:_Naruto_Next_Generations	5.31
Reba_McEntire	5.3
Twice	5.28
The_Smashing_Pumpkins	5.26
Daniel_Craig	5.26
FC_Barcelona	5.25
Knives_Out	5.25
The_Professor_and_the_Madman_(film)	5.24
Jennifer_Lopez	5.24
Manny_Pacquiao	5.24
Muhammad_Ali	5.23
Rodrigo_Santoro	5.22
John_Lennon	5.21
Richard_Attenborough	5.2
Rachel_Riley	5.2
Mr._Robot	5.2
David_Mitchell_(comedian)	5.17
It's_Always_Sunny_in_Philadelphia	5.17
Sue_Perkins	5.16
Saturday_Night_Live	5.16
Industry_(TV_series)	5.15
Damian_Lewis	5.14
National_Basketball_Association	5.12
Boba_Fett	5.12
William_Henry_Harrison	5.11
MacKenzie_Scott	5.09
DK_Metcalf	5.09
Rina_Sawayama	5.09
Alexandra_Daddario	5.08
Hidden_Figures	5.08
Beauty_and_the_Beast_(2017_film)	5.07
Timothy_McVeigh	5.06
2015_NFL_Draft	5.06
Sarah_Michelle_Gellar	5.06
The_Magicians_(American_TV_series)	5.04
Jonestown	5.03
Trent_Reznor	5.03
Richard_I_of_England	5.03
Rudolph_the_Red-Nosed_Reindeer_(TV_special)	5.02
United_States_presidential_line_of_succession	5.02
George_IV	5.02
The_100_(TV_series)	5.01
Bruno_Mars	5.01
George_Stinney	5.0
Charles_IX_of_France	5.0
Princess_Beatrice	5.0
DreamWorks_Animation	4.99
Maggie_Gyllenhaal	4.99
Jami_Gertz	4.98
Prometheus_(2012_film)	4.97
IIHF_World_U20_Championship	4.97
Paula_Patton	4.97
Yashahime:_Princess_Half-Demon	4.96
Felicity_Jones	4.96
Mark_Harmon	4.96
Seven_deadly_sins	4.96
Travis_Van_Winkle	4.96
Eric_Trump	4.95
After_(2019_film)	4.95
Tim_Roth	4.95
Peppermint_(2018_film)	4.95
List_of_most-played_video_games_by_player_count	4.95
Jingle_Jangle:_A_Christmas_Journey	4.92
TLC:_Tables,_Ladders_&_Chairs_(2020)	4.92
George_I_of_Great_Britain	4.91
Park_Shin-hye	4.9
Sam_Claflin	4.89
Sexual_intercourse	4.89
Laura_Ingalls_Wilder	4.89
Trisha_Yearwood	4.89
Virat_Kohli	4.88
Super_Bowl_LII	4.87
Christian_Serratos	4.86
Hans_Zimmer	4.85
Friday_(1995_film)	4.85
My_Girl_(film)	4.84
Green_Day	4.82
Vasyl_Lomachenko	4.81
Steve_Buscemi	4.81
Elizabeth_Holmes	4.78
The_Purge	4.78
Coming_to_America	4.76
Jesse_James_(entrepreneur)	4.75
Justine_Musk	4.75
FKA_Twigs	4.75
Hwang_In-yeop	4.74
The_Three_Stooges	4.74
Rupert_Grint	4.74
Tilda_Swinton	4.73
The_Notorious_B.I.G.	4.72
Danny_Kaye	4.72
Mark_Kelly	4.71
Avicii	4.71
Mikel_Arteta	4.71
Kathryn_Hahn	4.7
The_Crown_(season_2)	4.7
Johnny_Depp_filmography	4.69
Don_Shirley	4.68
Conor_McGregor	4.67
Demon's_Souls	4.66
Nick_Lachey	4.65
American_Gangster_(film)	4.65
Letterkenny_(TV_series)	4.65
Tom_Ellis_(actor)	4.65
Greenland_(film)	4.63
Whitney_Houston	4.63
Henry_III_of_England	4.63
Mariska_Hargitay	4.63
Eddie_Cibrian	4.61
Arctic_Monkeys	4.6
List_of_serial_killers_by_number_of_victims	4.6
Tyson_Fury	4.6
Black_Death	4.6
Sean_Combs	4.59
Kevin_Greene_(American_football)	4.58
James_Spader	4.57
Paava_Kadhaigal	4.57
Frank_Abagnale	4.57
The_Sopranos	4.56
Enrique_Iglesias	4.56
2020_World_Junior_Ice_Hockey_Championships	4.56
Warwick_Davis	4.55
2021_ICC_Men's_T20_World_Cup	4.55
Betty_White	4.55
Laverne_Cox	4.55
Paul_Bettany	4.55
Caligula	4.54
Sidney_Powell	4.54
Randy_Savage	4.53
Amanda_Seyfried	4.52
Patton_Oswalt	4.51
Zach_Braff	4.5
One-Punch_Man	4.5
116th_United_States_Congress	4.49
Michelle_Pfeiffer	4.48
Henry_VI_of_England	4.47
2020–21_United_States_Senate_special_election_in_Georgia	4.47
Suki_Waterhouse	4.45
Fire_Force	4.44
Forest_Whitaker	4.44
Laura_Linney	4.43
Battlestar_Galactica_(2004_TV_series)	4.43
Outlander_(TV_series)	4.42
Eliza_Taylor	4.42
Blink-182	4.42
Schitt's_Creek	4.41
Theo_James	4.4
Untitled_Spider-Man:_Far_From_Home_sequel	4.4
Mission:_Impossible_(film_series)	4.39
Son_Heung-min	4.38
Louis_Mountbatten,_1st_Earl_Mountbatten_of_Burma	4.37
Blade_Runner_2049	4.36
The_Christmas_Chronicles	4.36
Paul_Dano	4.35
Mark_Zuckerberg	4.34
Underwater_(film)	4.34
Laura_Dern	4.33
Peter_Townsend_(RAF_officer)	4.32
The_Lord_of_the_Rings_(TV_series)	4.31
Billy_Bob_Thornton	4.3
Prue_Leith	4.3
Scooter_Braun	4.29
The_Good_Place	4.29
West_Side_Story_(2021_film)	4.29
George_Soros	4.29
Mr._Olympia	4.29
Soorarai_Pottru	4.28
Tears_for_Fears	4.27
Princess_Victoria_of_Hesse_and_by_Rhine	4.26
Iggy_Azalea	4.26
Verne_Troyer	4.25
Suleiman_the_Magnificent	4.24
Spider-Man:_Far_From_Home	4.23
Cyberpunk_2077	4.23
Dexter_(TV_series)	4.23
Judge_Judy	4.23
Robert_Duvall	4.23
The_Matrix_(franchise)	4.22
Brian_Doyle-Murray	4.21
Salman_Khan	4.21
The_Epoch_Times	4.21
Archer_(2009_TV_series)	4.2
Star_Wars_Rebels	4.2
Republican_Party_(United_States)	4.2
William_Howard_Taft	4.18
Ashley_Greene	4.17
John_Tyler	4.17
Alan_Lascelles	4.16
Kim_So-yeon	4.16
Sophie_Turner	4.15
EFL_Championship	4.14
Patrick_Wilson_(American_actor)	4.13
McDonald's	4.13
Black_Narcissus_(miniseries)	4.13
The_Boys_(2019_TV_series)	4.12
2020–21_United_States_Senate_election_in_Georgia	4.11
Vladimir_Putin	4.1
Ewan_McGregor	4.09
Rashida_Jones	4.09
Saved_by_the_Bell	4.09
Palpatine	4.09
David_Oyelowo	4.08
ICarly	4.08
Ted_Danson	4.07
Call_Me_Kat	4.07
Woody_Harrelson	4.07
Richard_Ayoade	4.06
Natalie_Desselle-Reid	4.05
David_Tennant	4.05
Frankie_Muniz	4.04
How_to_Get_Away_with_Murder	4.04
Nikko_Jenkins	4.04
2020_Summer_Olympics	4.03
Doris_Day	4.03
Big_Sky_(American_TV_series)	4.03
Avatar:_The_Last_Airbender	4.02
Steps_(pop_group)	4.02
Journey_2:_The_Mysterious_Island	4.01
Academi	4.0
Lee_Dong-wook	3.99
Proud_Boys	3.99
Dan_Levy_(Canadian_actor)	3.98
Alyson_Hannigan	3.97
Attack_on_Titan_(season_2)	3.96
Milly_Shapiro	3.95
Javier_Bardem	3.95
Maurice_Gibb	3.94
Tom_Hiddleston	3.94
Bombshell_(2019_film)	3.94
Cali_Cartel	3.93
Catch_Me_If_You_Can	3.91
David_Walliams	3.91
PDC_World_Darts_Championship	3.91
Fergie_(singer)	3.91
LeAnn_Rimes	3.89
Ann_Dunham	3.89
Black_Clover	3.89
Jude_Law	3.86
Anne,_Queen_of_Great_Britain	3.86
World_War_I	3.85
Gennady_Golovkin	3.85
Michael_Franzese	3.84
Jeremy_Allen_White	3.83
Marion_Cotillard	3.83
Charlize_Theron	3.83
Carrie_Underwood	3.83
Michelle_Williams_(actress)	3.82
Assassination_of_John_F._Kennedy	3.81
Bill_Nighy	3.8
Cara_Gee	3.8
Coolie_No._1_(1995_film)	3.78
UFC_Fight_Night_185	3.78
Sarah_Paulson	3.78
TLC_(group)	3.77
Tiffani_Thiessen	3.77
Cnut_the_Great	3.77
Chapter_7:_The_Reckoning	3.77
Jeff_Goldblum	3.76
Curb_Your_Enthusiasm	3.76
Anna_Nicole_Smith	3.76
Nicole_Kidman_filmography	3.76
Jeff_Bridges	3.75
Super_Bowl_LIII	3.75
Anna_Faris	3.74
The_Blacklist_(TV_series)	3.74
Moneyball_(film)	3.74
Ivana_Trump	3.74
Eminem	3.74
Rage_Against_the_Machine	3.74
Studio_Ghibli	3.73
Running_Man_(TV_series)	3.72
Shawn_Mendes	3.72
Zara_Tindall	3.72
Sanjay_Dutt	3.71
Leighton_Meester	3.71
Sylvie's_Love	3.7
The_Lord_of_the_Rings	3.69
Viggo_Mortensen	3.68
Jason_Mantzoukas	3.67
Brie_Larson	3.66
Ben_Platt	3.66
Regency_era	3.66
Jacqueline_Kennedy_Onassis	3.66
Brittany_Murphy	3.65
Herbert_Hoover	3.65
X-Men_(film_series)	3.64
Katee_Sackhoff	3.64
2010_FIFA_World_Cup	3.64
Téa_Leoni	3.63
Jessica_Chastain	3.62
Alexa_PenaVega	3.62
John_F._Kennedy	3.6
Star_Trek	3.6
Christopher_Lee	3.6
Bob_Dylan	3.6
COVID-19_pandemic_in_the_United_States	3.59
Wes_Anderson	3.59
Centennial_Olympic_Park_bombing	3.58
Taylor_Swift_albums_discography	3.58
American_Murder:_The_Family_Next_Door	3.56
Linguistics	3.56
N._T._Rama_Rao_Jr.	3.55
David_Bowie	3.55
Matthew_McConaughey	3.55
Taylor_Momsen	3.55
Star_Wars:_Episode_I_–_The_Phantom_Menace	3.54
Michelle_Yeoh	3.54
The_Masked_Singer_(American_TV_series)	3.53
House_of_Windsor	3.53
Mary-Kate_Olsen	3.52
The_Godfather	3.52
PewDiePie	3.52
Daisy_May_Cooper	3.5
Peaky_Blinders_(TV_series)	3.5
Call_of_Duty	3.5
Community_(TV_series)	3.48
Liam_Neeson_filmography	3.48
Spanish_flu	3.48
Rajkummar_Rao	3.48
Virgin_River_(TV_series)	3.47
Canelo_Álvarez	3.47
Mark_Wahlberg	3.47
Rockstar_Games	3.46
Jim_Carrey	3.45
Stone_Cold_Steve_Austin	3.45
Robert_F._Kennedy	3.45
Christopher_Nolan	3.44
Inception	3.44
Kylie_Minogue	3.43
Space_Shuttle_Challenger_disaster	3.43
Louis_C.K.	3.43
Martin_Freeman	3.41
Doctor_Who	3.4
Kieran_Culkin	3.4
Lewis_Hamilton	3.39
Angela_Kinsey	3.39
Sofia_Coppola	3.38
Jamie_Foxx	3.38
The_Wolf_of_Wall_Street_(2013_film)	3.38
Marc_Blucas	3.37
Abhinav_Shukla	3.36
2020_United_States_presidential_election_in_Pennsylvania	3.35
Rebecca_Romijn	3.34
Joaquin_Phoenix	3.33
Karlie_Kloss	3.33
Jesus	3.32
Monty_Python	3.32
Colin_Firth	3.31
Spencer_Matthews	3.3
William_H._Macy	3.3
Grimes_(musician)	3.3
Divya_Bharti	3.29
Sia_(musician)	3.29
Stratton_Oakmont	3.29
Pixar	3.28
Blake_Shelton	3.27
Station_19	3.27
Juan_Carlos_I	3.27
Bobby_Cannavale	3.27
Great_Reset	3.26
Is_It_Wrong_to_Try_to_Pick_Up_Girls_in_a_Dungeon?	3.26
Zoë_Kravitz	3.26
Linda_Lee_Cadwell	3.26
David_Boreanaz	3.26
Max_Verstappen	3.24
Train_to_Busan	3.24
Chapter_9:_The_Marshal	3.23
Ivanka_Trump	3.22
Babymetal	3.22
BTS	3.22
The_Many_Saints_of_Newark	3.21
LaMelo_Ball	3.21
Sohail_Khan	3.21
Joshua_Jackson	3.2
Martin_Sheen	3.2
Star_Wars:_The_Clone_Wars_(2008_TV_series)	3.2
Woody_Allen	3.18
Bill_Clinton	3.17
The_Sound_of_Music_(film)	3.17
Garrett_Hedlund	3.16
Adrianne_Palicki	3.16
Wayne_Rooney	3.16
Fred_Trump	3.16
Karyn_Parsons	3.16
Cyberpunk_(role-playing_game)	3.15
Mohamed_Hadid	3.14
Ray_Kroc	3.14
List_of_Marvel_Cinematic_Universe_films	3.14
Michael_Caine	3.13
Home_for_Christmas_(TV_series)	3.13
A_Teacher	3.13
Matilda_(1996_film)	3.12
Freaky_(film)	3.11
Angels_&_Demons_(film)	3.11
Katherine_Schwarzenegger	3.1
Chris_Martin	3.1
ABBA	3.1
Kayleigh_McEnany	3.09
Ben_Affleck	3.09
Kathy_Bates	3.08
The_Beatles	3.07
Sound_of_Metal	3.07
How_To_with_John_Wilson	3.07
Adrien_Brody	3.06
The_Death_of_Stalin	3.06
Claudia_Winkleman	3.05
Seven_Wonders_of_the_Ancient_World	3.05
2020_Indian_farmers'_protest	3.05
Matthew_Gray_Gubler	3.04
Crazy_Rich_Asians_(film)	3.03
Attack_on_Titan_(TV_series)	3.03
Temuera_Morrison	3.03
Kumail_Nanjiani	3.03
Holland_Taylor	3.02
Dove_Cameron	3.02
Stephen_Ward	3.01
Ringo_Starr	3.01
Paul_Thomas_Anderson	2.99
Irrfan_Khan	2.99
Millennials	2.98
Milla_Jovovich	2.98
Celine_Dion	2.97
Patrick_Stewart	2.96
Joe_Jonas	2.96
Ralphie_May	2.95
Murder_of_Junko_Furuta	2.95
Lucille_Ball	2.95
Deepika_Padukone	2.95
Elizabeth_of_York	2.95
Mad_Max	2.94
Ellen_DeGeneres	2.94
Jenny_McCarthy	2.94
Sofía_Vergara	2.94
Wladimir_Klitschko	2.93
East_17	2.93
George_Lucas	2.93
BioNTech	2.92
The_Nightmare_Before_Christmas	2.92
Cristiano_Ronaldo	2.92
Khloé_Kardashian	2.91
Terminator:_Dark_Fate	2.91
Oprah_Winfrey	2.91
Taika_Waititi	2.9
Martin_Charteris,_Baron_Charteris_of_Amisfield	2.89
Doja_Cat	2.87
Aaliyah	2.87
Sherlock_(TV_series)	2.87
Bones_(TV_series)	2.87
Oliver_Hudson	2.87
Buffy_the_Vampire_Slayer	2.86
Robert_Downey_Jr.	2.86
White_Boy_Rick	2.86
Dune_(novel)	2.86
Stellan_Skarsgård	2.86
Andrew_Johnson	2.86
The_Uncanny_Counter	2.86
Becky_Lynch	2.85
Candace_Cameron_Bure	2.84
John_Gotti	2.84
Star_Wars:_Episode_II_–_Attack_of_the_Clones	2.83
Black_Mirror	2.83
Gemma_Chan	2.83
Candace_Owens	2.83
John_le_Carré	2.82
Billions_(TV_series)	2.82
Mötley_Crüe	2.82
Black_Eyed_Peas	2.81
Olivia_Wilde	2.81
2020_United_States_House_of_Representatives_elections	2.8
Stephen_Baldwin	2.8
Sudha_Kongara	2.79
Shakira	2.78
Barbarians_(2020_TV_series)	2.78
Gwyneth_Paltrow	2.78
Kiara_Advani	2.78
XXXX	2.78
Phoebe_Waller-Bridge	2.76
Jeffrey_Dean_Morgan	2.75
Twin_Peaks	2.75
Elizabeth_II	2.75
Bray_Wyatt	2.75
Walter_Tevis	2.75
Nicholas_Hoult	2.74
Run_(2020_American_film)	2.74
Andy_Williams	2.74
Lily_Collins	2.73
Charles_Dickens	2.73
Naomi_Watts	2.73
Leonardo_DiCaprio	2.72
A_Christmas_Carol	2.71
Christopher_Reeve	2.71
Dan_Aykroyd	2.7
Natalie_Portman	2.7
All_I_Want_for_Christmas_Is_You	2.69
Ben_Whishaw	2.69
Grand_Theft_Auto	2.68
Xbox_One	2.67
John_David_Washington	2.67
Cleopatra	2.66
Blackpink	2.66
Nickelodeon	2.66
Chyna	2.66
Sam_Elliott	2.66
Vera_Farmiga	2.65
David_Schwimmer	2.65
The_Godfather_Part_III	2.65
The_Green_Mile_(film)	2.64
Finneas_O'Connell	2.64
Richard_II_of_England	2.64
Re:Zero_−_Starting_Life_in_Another_World	2.64
Peter_Falk	2.63
Steve_Carell	2.63
Gerald_Ford	2.63
Playboi_Carti	2.63
Liv_Tyler	2.63
Jackie_Chan	2.63
Kaya_Scodelario	2.63
Heath_Ledger	2.63
Mark_Phillips	2.62
All_My_Life_(2020_film)	2.61
Pink_Floyd	2.61
Daveed_Diggs	2.6
David_Fincher	2.6
Daniel_Gillies	2.6
JoJo's_Bizarre_Adventure	2.6
Courteney_Cox	2.59
Willow_(song)	2.59
Albert,_Prince_Consort	2.59
Naomi_Scott	2.59
9-1-1_(TV_series)	2.59
Martial_law	2.58
Eva_Mendes	2.58
Domhnall_Gleeson	2.58
Borat_Subsequent_Moviefilm	2.58
Jenna_Fischer	2.57
Marvel_Cinematic_Universe:_Phase_Four	2.57
Kylie_Jenner	2.57
Assassin's_Creed	2.56
John_Wick	2.56
It's_Okay_to_Not_Be_Okay	2.56
The_Simpsons	2.55
Sweet_Home_(TV_series)	2.55
Sean_Penn	2.55
Pamela_Anderson	2.55
Margrethe_II_of_Denmark	2.55
Halle_Berry	2.55
Aaron_Paul	2.55
Human_sexual_activity	2.54
The_Adventures_of_Sharkboy_and_Lavagirl_in_3-D	2.53
The_Masked_Singer_(American_season_4)	2.52
Anne,_Princess_Royal	2.52
Crash_Landing_on_You	2.52
The_Karate_Kid	2.51
Henry_VII_of_England	2.5
Katrina_Kaif	2.49
J._R._R._Tolkien	2.49
Britney_Spears	2.49
Yoko_Ono	2.48
Gordon_Ramsay	2.48
Richard_Madden	2.48
Phoebe_Dynevor	2.47
Aubrey_Plaza	2.47
Miguel_Ferrer	2.46
MRC-5	2.46
Charlotte_Flair	2.46
Reese_Witherspoon	2.45
Big_Mouth_(TV_series)	2.45
Kurt_Cobain	2.44
Glenn_Close	2.44
Cole_Sprouse	2.43
Lists_of_One_Piece_episodes	2.43
Orson_Welles	2.43
News_of_the_World_(film)	2.42
The_Irishman	2.42
The_Shape_of_Water	2.4
Palm_Springs_(2020_film)	2.39
Sinaloa_Cartel	2.39
Pablo_Escobar	2.38
Tommy_Lee	2.38
B._J._Novak	2.38
Mark_Hamill	2.37
The_Book_of_Boba_Fett	2.37
Edward_VIII	2.37
Dakota_Johnson	2.37
Annabelle_Wallis	2.37
Scott_Foley	2.36
Benjamin_Harrison	2.35
Mad_Max:_Fury_Road	2.35
Augustus	2.34
Isabella_I_of_Castile	2.33
Tonya_Harding	2.31
Jon_Hamm	2.31
The_Fall_(TV_series)	2.31
Prince_William,_Duke_of_Cambridge	2.3
Ron_Howard	2.29
Danny_DeVito	2.29
Kourtney_Kardashian	2.29
Katy_Perry	2.29
Francis_II_of_France	2.28
Enola_Holmes_(film)	2.28
Jurnee_Smollett	2.28
The_Stand	2.28
Ana_Navarro	2.28
Freddie_Stroma	2.27
Natasha_Richardson	2.27
George_H._W._Bush	2.27
George_Clooney	2.27
The_Big_Short_(film)	2.26
Melissa_Fumero	2.26
Hassan_Jameel	2.26
Isla_Fisher	2.26
Emily_VanCamp	2.26
Kit_Harington	2.26
John_F._Kennedy_Jr.	2.25
Dawson's_Creek	2.25
Randolph_Churchill	2.23
Transformers_(film_series)	2.22
Dwayne_Johnson	2.22
Mary_Steenburgen	2.22
Mortal_Kombat_(2021_film)	2.22
Bob_Ross	2.22
COVID-19_pandemic	2.21
Home_Alone_2:_Lost_in_New_York	2.21
Queen_Victoria	2.21
Andy_Samberg	2.2
Saif_Ali_Khan	2.2
Kate_Winslet	2.2
Catherine_the_Great	2.19
Liam_Hemsworth	2.19
List_of_Tom_Hanks_performances	2.18
Bo_Derek	2.18
Megan_Fox	2.17
The_Pursuit_of_Happyness	2.17
Chelsea_Peretti	2.16
Margaret_Tudor	2.16
Little_Women_(2019_film)	2.15
Kerry_Washington	2.15
Shemar_Moore	2.14
Jeffrey_Epstein	2.14
List_of_the_verified_oldest_people	2.14
Chicago_P.D._(TV_series)	2.14
Bessie_Smith	2.13
Prince_Harry,_Duke_of_Sussex	2.12
2019_NBA_draft	2.12
Brandon_Lee	2.12
Keegan-Michael_Key	2.12
Kim_Seon-ho	2.12
Meghan,_Duchess_of_Sussex	2.11
James_Franco	2.1
Mahesh_Babu	2.1
Liev_Schreiber	2.1
Ghum_Hai_Kisikey_Pyaar_Meiin	2.1
Avatar_(2009_film)	2.09
Lady_Gaga	2.09
Henry_II_of_England	2.09
Alexa_Bliss	2.08
Young_Sheldon	2.08
Jake_Gyllenhaal	2.07
Euphoria_(American_TV_series)	2.07
Fantastic_Beasts_and_Where_to_Find_Them_(film)	2.06
Titanic_(1997_film)	2.06
Evermore_(Taylor_Swift_album)	2.05
Jamie_Bell	2.05
Rajinikanth	2.05
Danny_Masterson	2.04
Hero_Fiennes_Tiffin	2.04
List_of_American_films_of_2020	2.04
The_Croods	2.03
Scam_1992	2.02
Laura_Prepon	2.02
George_VI	2.02
Narendra_Modi	2.01
Elton_John	2.01
Hugh_Hefner	2.01
Taylor_Swift	2.0
Richard_Pryor	2.0
Kiss_(band)	2.0
Alexis_Bledel	1.99
Christopher_C._Miller	1.98
Priscilla_Presley	1.98
J._J._Watt	1.98
Giannis_Antetokounmpo	1.97
Luke_Campbell_(boxer)	1.97
Severus_Snape	1.97
Hugh_Grant	1.96
List_of_Pixar_films	1.96
Money_Heist	1.95
Bob_Marley	1.95
KFC	1.95
Jack_Quaid	1.94
Baldwin_family	1.94
Nerissa_and_Katherine_Bowes-Lyon	1.94
Charlie_Chaplin	1.94
Matt_Smith_(actor)	1.94
Fiona_Apple	1.93
Larry_Page	1.93
Gisele_Bündchen	1.93
Ken_Jeong	1.92
Owen_Wilson	1.92
Allison_Mack	1.92
Fellatio	1.91
Andy_Serkis	1.9
List_of_Running_Man_episodes_(2020)	1.9
Your_Honor_(miniseries)	1.9
Melissa_McCarthy	1.9
Ozzy_Osbourne	1.9
Thomas_Brodie-Sangster	1.89
Nomadland_(film)	1.89
Princess_Leia	1.89
Ozark_(TV_series)	1.88
Vera-Ellen	1.88
House_(TV_series)	1.88
Ford_v_Ferrari	1.88
Friends	1.88
Sophie_Ellis-Bextor	1.87
Death_in_Paradise_(TV_series)	1.87
List_of_most-subscribed_YouTube_channels	1.87
John_Wayne	1.87
Dave_Franco	1.87
Helena_Bonham_Carter	1.86
Moff_Gideon	1.86
Idris_Elba	1.85
The_Mandalorian	1.85
Jason_Bateman	1.85
Nicole_Kidman	1.85
Shonda_Rhimes	1.85
Tom_Hanks	1.84
Brooklyn_Nine-Nine	1.84
The_Lord_of_the_Rings_(film_series)	1.84
Jeffrey_Dahmer	1.83
Emma_Thompson	1.81
2013_NBA_draft	1.8
George_Blake	1.8
Eric_Roberts	1.79
Margaret_Thatcher	1.78
La_Liga	1.78
Raised_by_Wolves_(American_TV_series)	1.78
Keri_Russell	1.77
Rahul_Mahajan	1.76
Adolf_Hitler	1.76
Republic_of_Rose_Island	1.76
Suits_(American_TV_series)	1.76
Mark_Thatcher	1.75
J._D._Vance	1.74
SpongeBob_SquarePants	1.74
Homeland_(TV_series)	1.74
Cara_Delevingne	1.74
Ben_Stiller	1.74
The_Gentlemen_(2019_film)	1.73
Tyler,_the_Creator	1.73
Lisa_Kudrow	1.73
Woodrow_Wilson	1.73
David_Foster	1.72
J._K._Simmons	1.72
Harold_Wilson	1.72
Prince_(musician)	1.72
Sarah,_Duchess_of_York	1.72
Michael_Jordan	1.72
Colin_Jost	1.71
Bitcoin	1.71
Henry_V_of_England	1.71
Doug_Emhoff	1.71
Dan_Schneider_(TV_producer)	1.71
Bourne_(film_series)	1.7
2020_World's_Strongest_Man	1.69
Bill_Hudson_(singer)	1.69
The_Revenant_(2015_film)	1.69
Barbiturate_overdose	1.68
Michiel_Huisman	1.68
Rashmika_Mandanna	1.68
Yellowstone_(American_TV_series)	1.67
Mukesh_Ambani	1.66
Pfizer	1.65
Tupac_Shakur	1.64
John_Heard_(actor)	1.64
Dune_(2021_film)	1.63
Pink_(singer)	1.63
Stevie_Nicks	1.62
Nicholas_II_of_Russia	1.62
Jerry_Seinfeld	1.61
Bestgore.com	1.6
P._T._Barnum	1.6
Garry_Kasparov	1.59
Better_Call_Saul	1.58
Demi_Moore	1.58
Pete_Davidson	1.57
Pride_&_Prejudice_(2005_film)	1.57
Amazon_(company)	1.57
Kirk_Douglas	1.56
Ashley_Benson	1.56
Herman_J._Mankiewicz	1.56
Rupert_Murdoch	1.56
Jada_Pinkett_Smith	1.56
Hunter_×_Hunter	1.55
Dax_Shepard	1.55
Elizabeth_Hurley	1.54
Joe_Rogan	1.54
Joker_(2019_film)	1.54
Alice_in_Borderland_(TV_series)	1.53
Cardi_B	1.53
Rihanna	1.53
Elon_Musk	1.53
Elizabeth_I	1.52
Jaden_Smith	1.52
The_Prom_(film)	1.52
Hailey_Baldwin	1.52
Lady_Jane_Grey	1.52
Jordan_Peele	1.51
President_of_the_United_States	1.5
Eugene_Levy	1.5
Lenny_Kravitz	1.48
Home_Alone	1.48
Ed_Westwick	1.48
Jojo_Rabbit	1.48
Elf_(film)	1.47
Green_Book_(film)	1.47
Kobe_Bryant	1.46
Ma_Rainey's_Black_Bottom_(film)	1.46
Sex_Education_(TV_series)	1.45
The_Blind_Side_(film)	1.45
John_Leguizamo	1.45
Sucheta_Dalal	1.45
Demon_Slayer:_Kimetsu_no_Yaiba	1.44
Henry_Cavill	1.44
Coolie_No._1_(2020_film)	1.44
Magnus_Carlsen	1.43
Baby_Driver	1.43
Agatha_Christie	1.43
Carey_Mulligan	1.43
Rainier_III,_Prince_of_Monaco	1.42
The_Flight_Attendant_(TV_series)	1.42
Lisa_Marie_Presley	1.42
Parks_and_Recreation	1.41
Mick_Jagger	1.41
Anne_Hathaway	1.41
PlayStation_5	1.4
David_Attenborough	1.4
Floyd_Mayweather_Jr.	1.39
List_of_Attack_on_Titan_episodes	1.39
Charles_Bronson	1.39
Martin_Luther_King_Jr.	1.39
Josh_Brolin	1.38
Bill_Gates	1.37
Robert_De_Niro	1.37
Rupert_Friend	1.36
American_Horror_Story:_1984	1.36
The_Challenge_(TV_series)	1.36
Lennox_Lewis	1.36
Yuvraj_Singh	1.35
Alan_Rickman	1.35
Patty_Jenkins	1.34
Attack_on_Titan_(season_3)	1.34
Jennifer_Morrison	1.33
Richard_Gere	1.33
Olivia_Munn	1.33
Rowan_Atkinson	1.32
Jet_Li	1.32
Eddie_Murphy	1.31
Michael_C._Hall	1.29
Grace_Kelly	1.29
Anil_Kapoor	1.29
Kimberly_Williams-Paisley	1.28
Zodiac_Killer	1.27
Kim_Jong-un	1.27
Shakeela	1.27
Tom_Hayden	1.27
Cameron_Diaz	1.27
Elsa_Pataky	1.27
Ryan_Gosling	1.26
Tom_Cruise_filmography	1.26
Kristen_Wiig	1.26
Tiny_Pretty_Things	1.26
Tesla,_Inc.	1.25
Chess	1.25
Jon_Voight	1.25
Humphrey_Bogart	1.25
Narcos	1.24
Amber_Heard	1.24
Anal_sex	1.24
Cher	1.23
Xi_Jinping	1.23
The_Crown_(season_3)	1.22
List_of_James_Bond_films	1.21
No_Time_to_Die	1.21
Derry_Girls	1.2
Casey_Affleck	1.2
Joseph_Stalin	1.19
Angelina_Jolie	1.19
Chapter_16:_The_Rescue	1.18
Varun_Dhawan	1.17
Stranger_Things	1.17
Greenland	1.17
Waco_siege	1.17
Rainn_Wilson	1.16
James_Cameron	1.16
Emma_Roberts	1.15
Anne_Boleyn	1.15
OnlyFans	1.15
Talulah_Riley	1.14
John_Spencer,_8th_Earl_Spencer	1.13
The_Wilds_(TV_series)	1.13
Kanye_West	1.13
Chris_Hemsworth	1.13
Prince_Andrew_of_Greece_and_Denmark	1.12
Edmund_Kemper	1.12
Angie_Harmon	1.12
PlayerUnknown's_Battlegrounds	1.11
The_Mandalorian_(character)	1.11
Hunter_Biden	1.11
Nigella_Lawson	1.11
Miley_Cyrus	1.11
Jim_Belushi	1.11
The_Hobbit_(film_series)	1.1
Love_Actually	1.09
Die_Hard_2	1.08
George_Washington	1.07
Game_of_Thrones	1.06
The_Weeknd	1.05
Falklands_War	1.05
COVID-19_vaccine	1.04
1917_(2019_film)	1.04
Arsenal_F.C.	1.04
The_Penthouse:_War_in_Life	1.04
Mads_Mikkelsen	1.03
The_Expanse_(TV_series)	1.03
Robin_Wright	1.03
Marlon_Brando	1.03
Diane_Lane	1.03
Thomas_Jefferson	1.02
Saoirse_Ronan	1.02
Abraham_Lincoln	1.02
Daniel_Radcliffe	1.02
Ricky_Gervais	1.01
Kristen_Bell	1.01
Andie_MacDowell	1.01
Grogu	1.0
Once_Upon_a_Time_in_Hollywood	1.0
True_Beauty_(South_Korean_TV_series)	0.99
Cha_Eun-woo	0.99
Ahsoka_Tano	0.97
David_Armstrong-Jones,_2nd_Earl_of_Snowdon	0.97
Bryce_Dallas_Howard	0.96
Frida_Kahlo	0.96
Aaron_Rodgers	0.96
Caitlyn_Jenner	0.96
Zooey_Deschanel	0.96
Kim_Kardashian	0.95
John_Cena	0.95
United_Kingdom	0.95
Marilyn_Monroe	0.94
The_Stand_(2020_miniseries)	0.94
The_New_Mutants_(film)	0.94
Michael_Jackson	0.93
Mona_Lisa	0.93
Ted_Kaczynski	0.93
Dean_Martin	0.92
Kim_Basinger	0.92
Ming-Na_Wen	0.92
Kris_Jenner	0.92
Barbra_Streisand	0.91
Napoleon	0.91
Jimmy_Carter	0.91
Lynda_Carter	0.91
Julia_Quinn	0.9
Moon_Ga-young	0.9
Anurag_Kashyap	0.89
Harry_Potter	0.89
Queen's_Gambit	0.88
Chelsea_F.C.	0.87
Louis_XIV	0.87
Kalki_Koechlin	0.87
River_Phoenix	0.85
Chernobyl_disaster	0.85
Renée_Zellweger	0.85
Miguel_Ángel_Félix_Gallardo	0.84
Nick_Kroll	0.84
Sam_Mendes	0.84
The_Croods:_A_New_Age	0.83
Cate_Blanchett	0.83
Emma_(2020_film)	0.82
James_McAvoy	0.82
Emilia_Clarke	0.82
El_Camino:_A_Breaking_Bad_Movie	0.81
The_Marvelous_Mrs._Maisel	0.81
Julie_Andrews	0.81
Rebecca_Hall	0.8
Elizabeth_Debicki	0.79
A._R._Rahman	0.79
Manchester_United_F.C.	0.79
Jessica_Alba	0.76
Emilio_Estevez	0.75
Jeff_Bezos	0.75
Aly_Michalka	0.75
Phil_Niekro	0.74
Jimi_Hendrix	0.74
Barry_Gibb	0.74
Judy_Garland	0.73
George_Michael	0.73
Netflix	0.72
Lily_Tomlin	0.72
Jon_Favreau	0.71
Alice_Braga	0.71
Catherine_of_Aragon	0.71
Paul_Newman	0.7
Nicole_Scherzinger	0.7
Fast_&_Furious	0.7
Dwayne_Haskins	0.69
BDSM	0.68
Chicago_Seven	0.68
Harry_Potter_(film_series)	0.68
His_Dark_Materials	0.67
List_of_Doctor_Who_episodes_(2005–present)	0.67
WandaVision	0.66
Bella_Thorne	0.64
Pop_Smoke	0.64
United_States_Space_Force	0.64
Belle_Delphine	0.63
David_Perdue	0.63
Ted_Bundy	0.62
Nancy_Pelosi	0.62
Josh_Allen_(quarterback)	0.61
Gal_Gadot	0.6
Andrew_Parker_Bowles	0.6
Hamilton_(musical)	0.6
Tina_Fey	0.58
Alexander_Hamilton	0.58
Pirates_of_the_Caribbean_(film_series)	0.57
Manhunt_(2017_TV_series)	0.57
Super_Bowl_LV	0.57
Joe_Biden	0.56
Alessandro_Nivola	0.56
Roald_Dahl	0.55
Spectre_(2015_film)	0.54
Michael_Fagan_(intruder)	0.54
Ariana_Grande	0.53
The_Crown_(TV_series)	0.51
2020_United_States_presidential_election	0.51
Bianna_Golodryga	0.51
2017_NFL_Draft	0.51
Chadwick_Boseman	0.51
Parasite_(2019_film)	0.5
Alice_in_Borderland	0.48
Maxwell_Lord	0.46
Pedro_Pascal	0.44
Aberfan_disaster	0.43
Wonder_Woman_(2017_film)	0.42
Ben_Roethlisberger	0.39
Debbie_Reynolds	0.38
Ireland_Baldwin	0.38
Tenet_(film)	0.37
The_Undoing	0.37
Anya_Taylor-Joy	0.36
The_Mandalorian_(season_2)	0.35
Elaine_Chao	0.33
Eric_Rudolph	0.32
AK_vs_AK	0.3
Wonder_Woman_1984	0.3
Donald_Trump	0.3
United_States	0.28
Mr._Queen	0.28
Regé-Jean_Page	0.25
We_Can_Be_Heroes_(2020_film)	0.23
Death_to_2020	0.22
Black_Narcissus	0.22
Billy_Connolly	0.18
Charlotte_of_Mecklenburg-Strelitz	0.14
Brodie_Lee	0.08
Main_Page	0.02
