-	18146
2021_PDC_World_Darts_Championship	5679
Teen_escort_company	3521
2020_Nashville_bombing	2822
Billy_Connolly	2612
Barry_Gibb	2531
Joe_Biden	2525
Elaine_Chao	2279
Tenet_(film)	2023
Caroline,_Princess_of_Hanover	1926
Emma_Roberts	1794
Romain_Sa√Øss	1782
Preston_(singer)	1752
Miss_Congeniality_(film)	1701
Cyd_Charisse	1690
Petrinja	1657
Michael_Fagan_(intruder)	1561
Debbie_Reynolds	1415
AK_vs_AK	1392
Josh_Allen_(quarterback)	1382
The_Crown_(TV_series)	1364
The_Undoing	1358
Eric_Rudolph	1338
Ariana_Grande	1238
George_Michael	1189
Graham_Potter	1086
Tina_Fey	1072
Harold_Wilson	1027
United_States	1020
Nigella_Lawson	983
Spectre_(2015_film)	978
Alan_Rickman	966
Elizabeth_I	962
Hugh_Grant	960
Thomas_Becket	937
The_Wilds_(TV_series)	927
Elizabeth_II	925
Centennial_Olympic_Park_bombing	914
Golda_Rosheuvel	912
COVID-19_pandemic	896
Aly_Michalka	890
Bella_Thorne	860
Albania	858
Dwyane_Wade	853
Catherine_of_Aragon	853
Alice_in_Borderland	850
Hailey_Baldwin	841
Ireland_Baldwin	837
Mr._Queen	829
Henry_Cavill	813
Nicole_Kidman	801
Pablo_Escobar	769
Marilyn_Monroe	762
Rebecca_Hall	758
Bridgerton_(TV_series)	758
Cameron_Diaz	757
Barbra_Streisand	754
Theo_Walcott	752
Krzysztof_Ratajski	752
Arsenal_F.C.	735
Tom_Hanks	735
Kristen_Bell	731
September_11_attacks	726
Pop_Smoke	725
Gene_Kelly	719
Elbert_County,_Colorado	705
Miley_Cyrus	698
Kim_Basinger	697
The_Expanse_(TV_series)	692
Ryan_O'Neal	684
Eddie_Murphy	668
Baba_Vanga	663
Alessandro_Nivola	655
Escape_Room_(film)	655
Donald_Trump	649
Robert_De_Niro	646
The_Mandalorian_(season_2)	643
The_Twelve_Days_of_Christmas_(song)	642
Tony_Pulis	641
Helena_Bonham_Carter	640
Aristotle_Onassis	640
Auld_Lang_Syne	638
Grant_Holt	634
1917_(2019_film)	634
Main_Page	633
Crohn's_disease	632
Grace_Kelly	627
Rahul_Mahajan	625
COVID-19_pandemic_in_the_United_States	623
David_Armstrong-Jones,_2nd_Earl_of_Snowdon	622
Aaron_Rodgers	619
Brodie_Lee	616
Emma_Chambers	610
BTS	607
John_Part	602
Interview_with_the_Vampire_(film)	598
Russell_Okung	597
Aberfan_disaster	595
Fifty_Shades_Darker_(film)	587
Asteria_(mythology)	587
