en.m	Brodie_Lee	7868	\N
en	-	6477	\N
en.m	Lee_Smith_(American_football)	3793	\N
en.m	Charlotte_of_Mecklenburg-Strelitz	3602	\N
en.m	Cole_Beasley	3222	\N
en	Wonder_Woman_1984	3013	\N
en.m	Anya_Taylor-Joy	2786	\N
en.m	Zooey_Deschanel	2280	\N
en.m	We_Can_Be_Heroes_(2020_film)	2253	\N
en.m	Death_to_2020	2169	\N
en.m	Kaitlan_Collins	2017	\N
en.m	Eric_Rudolph	1844	\N
en.m	Donald_Trump	1537	\N
en.m	2017_NFL_Draft	1519	\N
en.m	Margaret_Hamilton_(actress)	1387	\N
en.m	Nadezhda_Alliluyeva	1338	\N
en.d	Special:Search	1312	\N
en.m	Mr._Queen	1297	\N
en.m	Chadwick_Boseman	1295	\N
en	Dwayne_Haskins	1213	\N
en	Gal_Gadot	1105	\N
en.m	The_Mandalorian_(season_2)	1105	\N
en.m	Polly_Walker	1092	\N
en.m	New_England_Patriots	1091	\N
en	Bianna_Golodryga	1089	\N
en.m	Grogu	1070	\N
en.m	Ratan_Tata	1069	\N
en.m	Power_Book_II:_Ghost	1023	\N
en.m	Eugene_Levy	1020	\N
en.m	Alice_in_Borderland	1012	\N
en.m	Alice_Braga	999	\N
en.m	Manhunt_(2017_TV_series)	969	\N
en	2020_United_States_presidential_election	954	\N
en.m	Jeff_Bezos	953	\N
en.m	Queen's_Gambit	945	\N
en.d	Special:Search	905	\N
en.m	Catherine_of_Aragon	901	\N
en	Elizabeth_II	886	\N
en.m	Microsoft_Office	876	\N
en.m	Ted_Bundy	859	\N
en.m	Harry_Potter_(film_series)	819	\N
en	Judy_Garland	819	\N
en.m	Julie_Andrews	815	\N
en	Special:RecentChanges	809	\N
en.m	Carrie_Snodgress	808	\N
en.m	Nancy_Pelosi	806	\N
en.m	Shirley_Henderson	779	\N
en.m	Ren√©e_Zellweger	755	\N
en.m	Hamilton_(musical)	747	\N
en.m	Super_Bowl_LV	737	\N
en.m	Steve_Trevor	722	\N
en.m	Alessandro_Nivola	716	\N
en	Android_(operating_system)	709	\N
en.m	Billy_Blanks	707	\N
en.m	The_Challenge_(TV_series)	700	\N
en.m	Derrick_Jones_Jr.	693	\N
en.m	Tessa_Thompson	692	\N
en.m	Zodiac_Killer	688	\N
en.m	Debbie_Reynolds	687	\N
en.m	Game_of_Thrones	685	\N
en.m	Ben_Roethlisberger	679	\N
en.m	Jessica_Alba	672	\N
en.m	Angie_Harmon	669	\N
en.m	Lily_Tomlin	660	\N
en.m	Kerry_Washington	658	\N
en.m	Ryan_Gosling	654	\N
en.m	Aberfan_disaster	653	\N
en.m	Elf_(film)	647	\N
en	Trainspotting_(film)	644	\N
en.m	Emilio_Estevez	642	\N
en	Anya_Taylor-Joy	641	\N
en.m	Pirates_of_the_Caribbean_(film_series)	641	\N
en	IOS	638	\N
en.m	Death_of_Caylee_Anthony	633	\N
en.m	Bryce_Dallas_Howard	633	\N
en.m	Chumlee	631	\N
en.m	Taylor_Lautner	630	\N
en.m	Mark_Thatcher	630	\N
en	100_Thieves	620	\N
en.m	Asteria_(mythology)	619	\N
en.m	Amber_Heard	616	\N
en.m	Coolie_No._1_(2020_film)	615	\N
en.m	Vera-Ellen	609	\N
en.m	Ming-Na_Wen	606	\N
en	YouTube_Music	605	\N
en.m	The_Prom_(film)	601	\N
en.m	A._R._Rahman	599	\N
en.m	Olivia_Colman	595	\N
en.m	Chris_Hemsworth	594	\N
en.m	2020_NFL_season	588	\N
en	John_Wolford	587	\N
en.m	Love_Actually	575	\N
en.m	The_Mandalorian_(character)	574	\N
en.m	Andrew_Parker_Bowles	567	\N
en.m	K.G.F:_Chapter_2	564	\N
en.m	Jimmy_Carter	564	\N
en.m	Millie_Bobby_Brown	562	\N
en.m	Johnny_Manziel	560	\N
en	Single-player_video_game	559	\N
en.m	Josh_Rosen	549	\N
